mass,formula,frac_abundance
12,C,8.67E-03
13.00335979,j13C,9.38E-05
13.00782013,CH,3.56E-03
14.00306988,N,0.00E+00
14.01117992,j13CH,3.85E-05
15.00010967,j15N,0.00E+00
15.01089954,NH,0.00E+00
15.02346992,CH3,2.61E-02
15.99491978,O,7.76E-04
16.00793076,j15NH,0.00E+00
16.01872063,NH2,0.00E+00
16.02683067,j13CH3,2.82E-04
16.03129959,CH4,-1.47E-04
17.00274086,HO,4.85E-03
17.01576042,j15NH2,0.00E+00
17.02655029,NH3,0.00E+00
17.0346508,j13CH4,-1.59E-06
17.99916077,j18O,1.59E-06
18.01055908,H2O,1.94E-02
18.02358055,j15NH3,0.00E+00
18.99839973,F,0.00E+00
19.0069809,Hj18O,9.97E-06
19.01683998,j2HHO,0.00E+00
19.01839066,H3O,0.00E+00
19.98118973,Arplus2,0.00E+00
20.0062294,HF,0.00E+00
20.01481056,H2j18O,3.99E-05
20.02466965,j2HH2O,0.00E+00
21.00527954,C2H2Oplus2,7.52E-05
21.02264023,H3j18O,0.00E+00
21.99492073,CO2plus2,2.62E-04
22.98977089,Na,0.00E+00
23.98348999,SOplus2,0.00E+00
24,C2,8.86E-04
25.00336075,j13CC,1.92E-05
25.00782967,C2H,3.34E-03
26.00307083,CN,4.25E-04
26.01118088,j13CCH,7.22E-05
26.0156498,C2H2,1.64E-02
27.00011063,Cj15N,1.55E-06
27.00642967,j13CN,4.60E-06
27.0109005,CHN,8.67E-04
27.0189991,j13CCH2,3.54E-04
27.02347946,C2H3,4.58E-02
27.99492073,CO,8.62E-02
28.00614929,N2,0.00E+00
28.0142498,j13CHN,9.38E-06
28.02683067,j13CCH3,9.92E-04
28.99827003,j13CO,9.32E-04
29.00274086,CHO,3.59E-02
29.00317955,j15NN,0.00E+00
29.03912926,C2H5,1.22E-02
29.99798965,NO,0.00E+00
29.99916077,Cj18O,1.77E-04
30.00609016,j13CHO,3.88E-04
30.01055908,CH2O,7.35E-03
30.03437042,CH4N,2.89E-05
30.04248047,j13CCH5,2.63E-04
30.04694939,C2H6,1.38E-04
30.99501991,j15NO,0.00E+00
30.99839973,CF,1.48E-03
31.0069809,CHj18O,7.37E-05
31.01391983,j13CH2O,7.95E-05
31.01839066,CH3O,6.34E-03
31.03141022,CH4j15N,1.05E-07
31.03772926,j13CH4N,3.12E-07
31.0503006,j13CCH6,2.98E-06
31.97207069,S,0.00E+00
31.98983002,O2,0.00E+00
32.00175858,j13CF,1.61E-05
32.00223923,Nj18O,0.00E+00
32.01480865,CH2j18O,1.51E-05
32.02174377,j13CH3O,6.86E-05
32.97145844,j33S,0.00E+00
32.97990036,HS,0.00E+00
32.99404907,j17OO,0.00E+00
33.01404953,CH2F,4.15E-05
33.02146912,H3NO,0.00E+00
33.02264023,CH3j18O,1.30E-05
33.96786118,j34S,0.00E+00
33.97927856,Hj33S,0.00E+00
33.98772049,H2S,0.00E+00
33.99407959,j18OO,0.00E+00
34.01740646,j13CH2F,4.49E-07
34.01850128,H3j15NO,0.00E+00
34.96884918,Cl,0.00E+00
34.97568893,Hj34S,0.00E+00
34.99554062,H3S,0.00E+00
35.02571106,H3Nj18O,0.00E+00
35.96707916,j36S,0.00E+00
35.97668076,HCl,0.00E+00
35.98352051,H2j34S,0.00E+00
36,C3,7.72E-04
36.96590042,j37Cl,0.00E+00
36.99134064,H3j34S,0.00E+00
37.0033493,j13CC2,2.50E-05
37.00782013,C3H,5.63E-03
37.97372818,Hj37Cl,0.00E+00
38.01118088,j13CC2H,1.83E-04
38.0156517,C3H2,1.03E-02
38.96371078,K,0.00E+00
39.01900101,j13CC2H2,3.35E-04
39.02347946,C3H3,5.87E-02
39.96237946,Ar,0.00E+00
40.01871872,C2H2N,6.39E-04
40.02682877,j13CC2H3,1.91E-03
40.03129959,C3H4,1.25E-02
40.96183014,j41K,0.00E+00
41.00273895,C2HO,3.78E-03
41.01575851,C2H2j15N,2.33E-06
41.02207947,j13CCH2N,1.38E-05
41.03466034,j13CC2H4,4.07E-04
41.03911972,C3H5,4.83E-02
42.0060997,j13CCHO,8.18E-05
42.01055908,C2H2O,1.71E-02
42.04248047,j13CC2H5,1.57E-03
42.04695129,C3H6,5.80E-03
43.00580978,CHNO,2.77E-03
43.0069809,C2Hj18O,7.77E-06
43.01391983,j13CCH2O,3.70E-04
43.01839066,C2H3O,9.01E-02
43.0503006,j13CC2H6,1.88E-04
43.05477905,C3H7,3.98E-03
43.98983002,CO2,8.62E-02
44.00916672,j13CHNO,3.00E-05
44.02173996,j13CCH3O,1.95E-03
44.05812836,j13CC2H7,1.29E-04
44.97990036,CHS,4.31E-04
44.99317932,j13CO2,9.32E-04
44.99765015,CHO2,8.84E-03
45.03403854,C2H5O,1.75E-03
45.98324966,j13CHS,4.66E-06
45.99290085,NO2,0.00E+00
45.99409866,Cj18OO,3.54E-04
46.00101089,j13CHO2,9.56E-05
46.00548172,CH2O2,3.34E-03
46.03739929,j13CCH5O,3.78E-05
46.04187012,C2H6O,8.54E-05
46.96884918,CCl,2.45E-04
46.97569275,CHj34S,1.93E-05
46.98994064,j15NO2,0.00E+00
46.99554062,CH3S,4.18E-03
47.00072861,HNO2,0.00E+00
47.00883484,j13CH2O2,3.61E-05
47.01330948,CH3O2,2.81E-04
47.03710938,CH5NO,8.05E-05
47.04521942,j13CCH6O,1.85E-06
47.96697998,SO,0.00E+00
47.97220612,j13CCl,2.65E-06
47.99715042,Nj18OO,0.00E+00
47.99890137,j13CH3S,4.52E-05
48,C4,1.79E-04
48.01665878,j13CH3O2,3.04E-06
48.04047012,j13CH5NO,8.71E-07
48.96590042,Cj37Cl,7.83E-05
48.96636963,j33SO,0.00E+00
48.97481155,HSO,0.00E+00
48.99134064,CH3j34S,1.87E-04
49.0033493,j13CC3,7.76E-06
49.00782013,C4H,1.24E-03
49.96278,j34SO,0.00E+00
49.9742012,Hj33SO,0.00E+00
49.98263931,H2SO,0.00E+00
50.00307083,C3N,1.37E-03
50.01118088,j13CC3H,5.36E-05
50.0156517,C4H2,7.25E-03
50.97061157,Hj34SO,0.00E+00
51.00642776,j13CC2N,4.46E-05
51.01089859,C3HN,9.89E-04
51.01900101,j13CC3H2,3.14E-04
51.02347946,C4H3,1.03E-02
51.9784317,H2j34SO,0.00E+00
52.01425552,j13CC2HN,3.21E-05
52.01871872,C3H2N,5.50E-04
52.02682877,j13CC3H3,4.45E-04
52.03129959,C4H4,5.50E-03
53.00273895,C3HO,2.18E-03
53.02207947,j13CC2H2N,1.79E-05
53.02655029,C3H3N,1.21E-03
53.03466034,j13CC3H4,2.38E-04
53.03911972,C4H5,1.82E-02
54.0060997,j13CC2HO,7.06E-05
54.01055908,C3H2O,2.16E-03
54.02990341,j13CC2H3N,3.93E-05
54.03437042,C3H4N,3.93E-04
54.04248047,j13CC3H5,7.88E-04
54.04695129,C4H6,4.66E-03
55.01391983,j13CC2H2O,7.01E-05
55.01839066,C3H3O,2.21E-02
55.03772736,j13CC2H4N,1.28E-05
55.0503006,j13CC3H6,2.02E-04
55.05477905,C4H7,1.23E-02
55.98983002,C2O2,2.22E-04
56.02173996,j13CC2H3O,7.16E-04
56.02621078,C3H4O,1.70E-03
56.05002975,C3H6N,1.65E-04
56.05812836,j13CC3H7,5.33E-04
56.06259918,C4H8,1.69E-03
56.99317932,j13CCO2,4.81E-06
56.99765015,C2HO2,2.58E-05
57.02146912,C2H3NO,2.80E-04
57.02957153,j13CC2H4O,5.51E-05
57.03403854,C3H5O,3.03E-03
57.05337906,j13CC2H6N,5.36E-06
57.05784988,C3H7N,1.22E-04
57.06595993,j13CC3H8,7.31E-05
57.07043076,C4H9,5.72E-04
58.00101089,j13CCHO2,5.57E-07
58.00548172,C2H2O2,4.69E-04
58.02481842,j13CCH3NO,6.06E-06
58.02928925,C2H4NO,2.61E-04
58.03739929,j13CC2H5O,9.84E-05
58.04187012,C3H6O,6.46E-03
58.061203,j13CC2H7N,3.97E-06
58.06567001,C3H8N,9.51E-05
58.07378006,j13CC3H9,2.47E-05
58.07825089,C4H10,8.92E-06
58.96868134,COP,2.90E-05
58.99554062,C2H3S,4.02E-05
59.00883102,j13CCH2O2,1.01E-05
59.01330948,C2H3O2,2.05E-04
59.03170013,C2H7Si,0.00E+00
59.03264236,j13CCH4NO,5.65E-06
59.03710938,C2H5NO,3.00E-04
59.04521942,j13CC2H6O,2.10E-04
59.04969025,C3H7O,4.60E-03
59.06903076,j13CC2H8N,3.08E-06
59.07350159,C3H9N,5.99E-05
59.08160019,j13CC3H10,3.86E-07
59.96675573,O2Si,0.00E+00
59.96697998,CSO,5.12E-05
59.97203064,j13COP,3.13E-07
59.99890137,j13CCH3S,8.69E-07
60,C5,1.25E-04
60.01665878,j13CCH3O2,4.44E-06
60.02112961,C2H4O2,1.81E-03
60.03126907,C2H7j29Si,0.00E+00
60.03505707,j13CCH7Si,0.00E+00
60.04047012,j13CCH5NO,6.49E-06
60.05303955,j13CC2H7O,1.49E-04
60.05751038,C3H8O,3.88E-05
60.07685471,j13CC2H9N,1.94E-06
60.96632385,O2j29Si,0.00E+00
60.97034073,j13CSO,5.53E-07
60.97481155,CHSO,2.15E-05
60.99134064,C2H3j34S,1.80E-06
61.0033493,j13CC4,6.75E-06
61.00782013,C5H,7.18E-04
61.01638031,CH3NO2,-2.55E-06
61.02447891,j13CCH4O2,3.91E-05
61.02854538,C2H7j30Si,0.00E+00
61.02894974,C2H5O2,2.56E-04
61.06087112,j13CC2H8O,1.26E-06
61.96278,Cj34SO,2.29E-06
61.96360016,O2j30Si,0.00E+00
61.97816467,j13CHSO,2.33E-07
61.98263931,CH2SO,8.81E-05
62.01118088,j13CC4H,3.88E-05
62.0156517,C5H2,1.67E-03
62.01973343,j13CH3NO2,-2.76E-08
62.02420044,CH4NO2,-1.97E-06
62.03231049,j13CCH5O2,5.54E-06
62.03678131,C2H6O2,3.00E-06
62.92959976,Cu,0.00E+00
62.96376733,CClO,8.42E-05
62.97060776,CHj34SO,9.64E-07
62.98598862,j13CH2SO,9.52E-07
62.99045944,CH3SO,1.21E-05
62.9956398,HNO3,0.00E+00
63.01089904,C4HN,4.61E-04
63.01900101,j13CC4H2,9.04E-05
63.02347946,C5H3,3.15E-03
63.02755737,j13CH4NO2,-2.14E-08
63.0320282,CH5NO2,-1.51E-06
63.04013443,j13CCH6O2,6.48E-08
63.9618988,SO2,0.00E+00
63.96712112,j13CClO,9.11E-07
63.9784317,CH2j34SO,3.94E-06
63.99381638,j13CH3SO,1.31E-07
63.99491501,C4O,1.18E-03
64.01425388,j13CC3HN,2.00E-05
64.01872253,C4H2N,-1.36E-05
64.02683258,j13CC4H3,1.70E-04
64.03130341,C5H4,8.24E-04
64.03538513,j13CH5NO2,-1.63E-08
64.92780304,j65Cu,0.00E+00
64.96081543,Cj37ClO,2.70E-05
64.96128845,j33SO2,0.00E+00
64.96972656,HSO2,0.00E+00
64.98625946,CH3j34SO,5.42E-07
64.99826813,j13CC3O,5.11E-05
65.00273895,C4HO,2.12E-05
65.02207947,j13CC3H2N,-5.89E-07
65.0265491,C4H3N,6.99E-04
65.03465271,j13CC4H4,4.46E-05
65.03912354,C5H5,6.78E-03
65.95770264,j34SO2,0.00E+00
65.96911621,Hj33SO2,0.00E+00
65.97754669,H2SO2,0.00E+00
66.00610352,j13CC3HO,9.17E-07
66.01056671,C4H2O,1.00E-03
66.02990394,j13CC3H3N,3.02E-05
66.03437042,C4H4N,2.25E-04
66.04248047,j13CC4H5,3.66E-04
66.04695129,C5H6,3.49E-03
66.96552277,Hj34SO2,0.00E+00
67.0058136,C3HNO,5.37E-04
67.01392365,j13CC3H2O,4.33E-05
67.01838684,C4H3O,5.87E-04
67.03772736,j13CC3H4N,9.75E-06
67.04219917,C4H5N,1.51E-03
67.05030823,j13CC4H6,1.89E-04
67.05477142,C5H7,1.46E-02
67.9733429,H2j34SO2,0.00E+00
67.98983002,C3O2,1.86E-04
68.00917053,j13CC2HNO,1.74E-05
68.01364136,C3H2NO,4.67E-04
68.02174377,j13CC3H3O,2.54E-05
68.02620697,C4H4O,4.49E-03
68.045554,j13CC3H5N,6.52E-05
68.05003357,C4H6N,6.71E-04
68.05812836,j13CC4H7,7.89E-04
68.06259918,C5H8,6.41E-03
68.99318695,j13CC2O2,6.02E-06
68.99765778,C3HO2,7.55E-03
69.01699066,j13CC2H2NO,1.51E-05
69.02146149,C3H3NO,-2.63E-06
69.02957153,j13CC3H4O,1.94E-04
69.03404236,C4H5O,3.89E-03
69.05337524,j13CC3H6N,2.90E-05
69.05784923,C4H7N,9.80E-04
69.06596375,j13CC4H8,3.47E-04
69.07042694,C5H9,1.24E-02
70.00100708,j13CC2HO2,2.45E-04
70.00547791,C3H2O2,3.44E-04
70.02481842,j13CC2H3NO,-8.53E-08
70.02928925,C3H4NO,2.39E-04
70.03739166,j13CC3H5O,1.68E-04
70.04186249,C4H6O,2.45E-03
70.0548842,C4H7j15N,3.58E-06
70.06120407,j13CC3H7N,4.24E-05
70.0656662,C4H8N,1.05E-04
70.07377625,j13CC4H9,6.71E-04
70.07824707,C5H10,7.36E-04
71.00883484,j13CC2H2O2,1.12E-05
71.01331329,C3H3O2,1.27E-03
71.03264618,j13CC2H4NO,7.74E-06
71.037117,C3H5NO,3.32E-04
71.04521942,j13CC3H6O,1.06E-04
71.04969025,C4H7O,3.65E-03
71.06903076,j13CC3H8N,4.55E-06
71.07350159,C4H9N,6.25E-05
71.08159637,j13CC4H10,3.98E-05
71.0860672,C5H11,1.22E-04
71.96698535,C2SO,7.74E-06
72,C6,4.43E-05
72.0166626,j13CC2H3O2,4.14E-05
72.02113342,C3H4O2,5.59E-04
72.04046631,j13CC2H5NO,1.08E-05
72.04493713,C3H6NO,9.33E-05
72.05304718,j13CC3H7O,1.58E-04
72.05751801,C4H8O,9.67E-04
72.07685089,j13CC3H9N,2.71E-06
72.08132172,C4H10N,1.58E-05
72.08943176,j13CC4H11,6.58E-06
72.09390259,C5H12,8.77E-06
72.97034019,j13CCSO,1.67E-07
72.97480774,C2HSO,1.60E-05
73.00335693,j13CC5,2.88E-06
73.00782776,C6H,6.10E-05
73.01096344,C2H5OSi,0.00E+00
73.01638031,C2H3NO2,1.50E-04
73.02448273,j13CC2H4O2,1.82E-05
73.02895355,C3H5O2,9.58E-04
73.04734802,C3H9Si,0.00E+00
73.04829407,j13CC2H6NO,3.03E-06
73.05275726,C3H7NO,6.06E-05
73.06086731,j13CC3H8O,4.18E-05
73.06533813,C4H9O,1.52E-04
73.07835929,C4H10j15N,5.79E-08
73.08467865,j13CC3H10N,6.85E-07
73.08760107,C4j2HH9N,1.82E-08
73.08914948,C4H11N,9.10E-06
73.0927887,j13C2C3H11,1.42E-07
73.09725189,j13CC4H12,4.74E-07
73.93255961,ClK,0.00E+00
73.96278381,C2j34SO,3.46E-07
73.97419819,C2Hj33SO,1.26E-07
73.97816467,j13CCHSO,3.46E-07
73.98264313,C2H2SO,4.48E-05
74.01053619,C2H5Oj29Si,0.00E+00
74.01117706,j13CC5H,3.96E-06
74.01432037,j13CCH5OSi,0.00E+00
74.01564789,C6H2,6.84E-04
74.01972961,j13CCH3NO2,3.24E-06
74.03231049,j13CC2H5O2,3.11E-05
74.03678131,C3H6O2,1.26E-04
74.04692078,C3H9j29Si,0.00E+00
74.05070496,j13CC2H9Si,0.00E+00
74.05612183,j13CC2H7NO,1.97E-06
74.0687027,j13CC3H9O,6.60E-06
74.07317352,C4H10O,1.16E-05
74.09250641,j13CC3H11N,3.94E-07
74.97060394,C2Hj34SO,7.16E-07
74.97905616,C2HSj18O,3.29E-08
74.98202323,C2H2j33SO,3.53E-07
74.98599243,j13CCH2SO,9.68E-07
74.99046326,C2H3SO,5.28E-06
75.0078125,C2H5Oj30Si,0.00E+00
75.01089904,C5HN,9.27E-05
75.01899719,j13CC5H2,4.44E-05
75.02348328,C6H3,0.000290078
75.0320282,C2H5NO2,4.67E-05
75.04013062,j13CC2H6O2,4.07E-06
75.04419708,C3H9j30Si,0
75.04460144,C3H7O2,0.000169003
75.06841278,C3H9NO,7.93E-06
75.07652283,j13CC3H10O,5.03E-07
75.92961121,j37ClK,0
75.93067932,Clj41K,0
75.94413757,CS2,1.18E-05
75.9618988,CSO2,3.08E-06
75.9784317,C2H2j34SO,2.00E-06
75.98688119,C2H2Sj18O,9.20E-08
75.98984826,C2H3j33SO,4.17E-08
75.99381256,j13CCH3SO,1.14E-07
75.99491119,C5O,1.21E-06
75.99828339,C2H4SO,1.61E-06
76.007934,C5Hj15N,3.39E-07
76.01425388,j13CC4HN,5.01E-06
76.01603699,C2H4O3,2.92E-05
76.01872407,C5H2N,0.000129232
76.02683258,j13CC5H3,1.88E-05
76.03130341,C6H4,0.0004241
76.03538513,j13CCH5NO2,1.01E-06
76.03986359,C2H6NO2,1.35E-06
76.04795837,j13CC2H7O2,5.48E-06
76.0524292,C3H8O2,1.25E-05
76.07176971,j13CC2H9NO,2.57E-07
76.94352722,Cj33SS,1.86E-07
76.94749451,j13CS2,1.28E-07
76.96525574,j13CSO2,3.33E-08
76.96972656,CHSO2,7.85E-05
76.98625946,C2H3j34SO,2.36E-07
76.99470623,C2H3Sj18O,1.09E-08
76.99767329,C2H4j33SO,1.27E-08
76.99826813,j13CC4O,6.56E-08
77.00164032,j13CCH4SO,3.48E-08
77.00273895,C5HO,1.03E-05
77.00611115,C2H5SO,-3.79E-07
77.01575904,C5H2j15N,4.72E-07
77.01760872,j13C2C3HN,1.08E-07
77.01940155,j13CCH4O3,6.31E-07
77.02207891,j13CC4H2N,6.99E-06
77.0265491,C5H3N,0.001117889
77.03465271,j13CC5H4,2.75E-05
77.03912354,C6H5,0.0072952
77.04320526,j13CCH6NO2,2.92E-08
77.05578613,j13CC2H8O2,4.05E-07
77.06025696,C3H9O2,0.000150991
77.92772675,j37Clj41K,0
77.93994141,Cj34SS,1.05E-06
77.95769501,Cj34SO2,1.38E-07
77.9730835,j13CHSO2,8.49E-07
77.97754669,CH2SO2,4.11E-05
77.99407959,C2H4j34SO,7.21E-08
77.99799347,C4NO,6.45E-05
78.00253126,C2H4Sj18O,3.31E-09
78.00549832,C2H5j33SO,-2.99E-09
78.00610352,j13CC4HO,5.59E-07
78.00946808,j13CCH5SO,-8.20E-09
78.01056671,C5H2O,-3.98E-07
78.02358407,C5H3j15N,4.08E-06
78.02543375,j13C2C3H2N,1.51E-07
78.02990394,j13CC4H3N,6.05E-05
78.03437414,C5H4N,0.000260217
78.04248047,j13CC5H5,0.000473416
78.04695129,C6H6,0.001825382
78.06360626,j13CC2H9O2,4.90E-06
78.91832733,Br,0
78.96552277,CHj34SO2,3.51E-06
78.98090363,j13CH2SO2,4.44E-07
79.00134277,j13CC3NO,2.79E-06
79.00190735,C2H5j34SO,-1.70E-08
79.00581366,C4HNO,0.000228543
79.01035629,C2H5Sj18O,-7.79E-10
79.01392365,j13CC4H2O,-2.15E-08
79.01838684,C5H3O,-3.30E-06
79.0314091,C5H4j15N,9.51E-07
79.03325878,j13C2C3H3N,1.31E-06
79.03772897,j13CC4H4N,1.41E-05
79.04219818,C5H5N,0.001419634
79.05030823,j13CC5H6,0.000118457
79.05477142,C6H7,0.011010343
79.92616272,HBr,0
79.95681763,SO3,0
79.9733429,CH2j34SO2,1.84E-06
79.98983002,C4O2,0.000941864
80.0091685,j13CC3HNO,9.89E-06
80.01364136,C4H2NO,5.80E-06
80.02174377,j13CC4H3O,-1.79E-07
80.02620697,C5H4O,0.000376569
80.03923413,C5H5j15N,5.19E-06
80.04108381,j13C2C3H4N,3.04E-07
80.04555511,j13CC4H5N,7.68E-05
80.05003357,C5H6N,0.000276008
80.05812836,j13CC5H7,0.000714507
80.06259918,C6H8,0.001704848
80.91629028,j81Br,0
80.95619965,j33SO3,0
80.96463776,HSO3,0
80.99318695,j13CC3O2,4.07E-05
80.99765778,C4HO2,0.000329509
81.01699066,j13CC3H2NO,2.51E-07
81.02146373,C4H3NO,0.000571939
81.02957153,j13CC4H4O,2.04E-05
81.03404236,C5H5O,0.002328868
81.04705916,C5H6j15N,1.01E-06
81.04890884,j13C2C3H5N,1.66E-06
81.05337524,j13CC4H6N,1.49E-05
81.05784923,C5H7N,0.00093756
81.06596375,j13CC5H8,0.000110635
81.07042694,C6H9,0.006560301
81.92411804,Hj81Br,0
81.93771362,CCl2,-3.88E-06
81.9526062,j34SO3,0
81.9640274,Hj33SO3,0
81.97247314,H2SO3,0
82.00100708,j13CC3HO2,1.43E-05
82.00547791,C4H2O2,0.000152075
82.01849869,C4H3j15NO,2.09E-06
82.02481856,j13CC3H3NO,2.47E-05
82.02928876,C4H4NO,0.000670619
82.03739166,j13CC4H5O,0.000125942
82.04186249,C5H6O,0.005108121
82.0548842,C5H7j15N,3.43E-06
82.05673387,j13C2C3H6N,3.23E-07
82.06120407,j13CC4H7N,5.07E-05
82.06567426,C5H8N,0.000170376
82.07377625,j13CC5H9,0.000425725
82.07824707,C6H10,0.001521596
82.94106293,j13CCl2,-4.20E-08
82.96042633,Hj34SO3,0
83.00071716,C3HNO2,0.000350714
83.00883484,j13CC3H2O2,6.58E-06
83.01331329,C4H3O2,-6.77E-07
83.0257095,C4H3Nj18O,1.18E-06
83.02632372,C4H4j15NO,2.45E-06
83.0326436,j13CC3H4NO,2.90E-05
83.03711379,C4H5NO,0.001206848
83.04521942,j13CC4H6O,0.00027624
83.04969025,C5H7O,0.008195905
83.06270923,C5H8j15N,6.22E-07
83.06455891,j13C2C3H7N,1.10E-06
83.0690291,j13CC4H8N,9.21E-06
83.07350159,C5H9N,0.000140828
83.08159637,j13CC5H10,9.87E-05
83.0860672,C6H11,0.000923937
83.93475342,Cj37ClCl,-2.48E-06
83.96698535,C3SO,2.77E-05
83.96826172,H2j34SO3,0
84,C7,-2.16E-06
84.00408173,j13CC2HNO2,1.14E-05
84.00855255,C3H2NO2,0.000148951
84.0166626,j13CC3H3O2,-2.93E-08
84.02113342,C4H4O2,0.000764703
84.03353454,C4H4Nj18O,1.38E-06
84.03414875,C4H5j15NO,4.41E-06
84.04046863,j13CC3H5NO,5.22E-05
84.04493882,C4H6NO,0.000181572
84.05304718,j13CC4H7O,0.000443222
84.05751801,C5H8O,0.000829008
84.07238394,j13C2C3H8N,1.99E-07
84.07685089,j13CC4H9N,7.62E-06
84.08132172,C5H10N,3.19E-05
84.08943176,j13CC5H11,6.00E-05
84.09390259,C6H12,7.24E-05
84.91178894,Rb,0
84.96637316,C3j33SO,2.19E-07
84.97034019,j13CC2SO,8.98E-07
84.97480774,C3HSO,2.61E-05
85.00335693,j13CC6,-1.63E-07
85.00782776,C7H,-4.73E-06
85.01190948,j13CC2H2NO2,4.83E-06
85.01638031,C3H3NO2,0.000436879
85.02448273,j13CC3H4O2,3.31E-05
85.02895355,C4H5O2,0.00172891
85.04135957,C4H5Nj18O,2.48E-06
85.04829366,j13CC3H6NO,7.86E-06
85.05276385,C4H7NO,0.000328882
85.06086731,j13CC4H8O,4.48E-05
85.06533813,C5H9O,0.001494268
85.08467865,j13CC4H10N,1.73E-06
85.09725189,j13CC5H12,4.70E-06
85.10172272,C6H13,5.92E-05
85.93180847,Cj37Cl2,-3.97E-07
85.96278149,C3j34SO,1.24E-06
85.97123113,C3Sj18O,5.69E-08
85.97419819,C3Hj33SO,2.06E-07
85.97816467,j13CC2HSO,8.45E-07
85.9826355,C3H2SO,2.96E-05
86.01117706,j13CC6H,-3.58E-07
86.01564789,C7H2,7.29E-05
86.01972961,j13CC2H3NO2,1.42E-05
86.02420044,C3H4NO2,0.00019511
86.03231049,j13CC3H5O2,7.48E-05
86.03678131,C4H6O2,0.000813504
86.04979882,C4H7j15NO,1.20E-06
86.05611869,j13CC3H7NO,1.42E-05
86.06058888,C4H8NO,7.14E-05
86.0687027,j13CC4H9O,8.08E-05
86.07317352,C5H10O,0.000265183
86.10507965,j13CC5H13,3.84E-06
86.10955048,C6H14,1.56E-05
86.90917969,j87Rb,0
86.96613633,j13CC2j34SO,4.02E-08
86.97060394,C3Hj34SO,1.17E-06
86.97905616,C3HSj18O,5.35E-08
86.98202323,C3H2j33SO,2.34E-07
86.98599243,j13CC2H2SO,9.61E-07
86.99046326,C3H3SO,6.45E-05
87.0109024,C6HN,0.000427154
87.01899719,j13CC6H2,5.52E-06
87.02348328,C7H3,4.94E-06
87.02755737,j13CC2H4NO2,6.33E-06
87.0320282,C3H5NO2,0.000108655
87.04013062,j13CC3H6O2,3.52E-05
87.04460144,C4H7O2,0.000523894
87.05700963,C4H7Nj18O,6.76E-07
87.05762385,C4H8j15NO,2.61E-07
87.06394372,j13CC3H8NO,3.09E-06
87.06841278,C4H9NO,1.94E-05
87.07652283,j13CC4H10O,1.43E-05
87.08099365,C5H11O,4.76E-05
87.10843658,j13C2C4H13,1.04E-07
87.11290741,j13CC5H14,1.01E-06
87.97396136,j13CC2Hj34SO,3.78E-08
87.9784317,C3H2j34SO,1.33E-06
87.98688119,C3H2Sj18O,6.09E-08
87.98984826,C3H3j33SO,5.10E-07
87.99381256,j13CC2H3SO,2.09E-06
87.99491119,C6O,5.90E-07
87.99828339,C3H4SO,2.33E-06
88.01425171,j13CC5HN,2.77E-05
88.01872407,C6H2N,2.10E-05
88.02683258,j13CC6H3,3.74E-07
88.03130341,C7H4,2.16E-05
88.03538513,j13CC2H5NO2,3.53E-06
88.03986359,C3H6NO2,3.89E-05
88.04795837,j13CC3H7O2,2.27E-05
88.0524292,C4H8O2,8.26E-05
88.06483466,C4H8Nj18O,1.47E-07
88.07176971,j13CC3H9NO,8.41E-07
88.08434296,j13CC4H11O,2.58E-06
88.08881378,C5H12O,5.32E-06
88.96972656,C2HSO2,5.74E-06
88.98178639,j13CC2H2j34SO,4.30E-08
88.98625946,C3H3j34SO,2.89E-06
88.99470623,C3H3Sj18O,1.33E-07
88.99767329,C3H4j33SO,1.84E-08
88.99826813,j13CC5O,3.83E-08
89.00164032,j13CC2H4SO,7.55E-08
89.00273895,C6HO,2.69E-06
89.00611115,C3H5SO,4.68E-06
89.01575904,C6H2j15N,7.69E-08
89.02207891,j13CC5H2N,1.37E-06
89.0265491,C6H3N,0.000446509
89.03465271,j13CC6H4,1.64E-06
89.03912354,C7H5,0.000603531
89.04320526,j13CC2H6NO2,1.26E-06
89.04768372,C3H7NO2,1.40E-05
89.05578613,j13CC3H8O2,3.57E-06
89.06025696,C4H9O2,4.10E-05
89.09217072,j13CC4H12O,2.88E-07
89.9730835,j13CCHSO2,1.24E-07
89.97754669,C2H2SO2,4.04E-06
89.98961143,j13CC2H3j34SO,9.37E-08
89.99407959,C3H4j34SO,1.04E-07
89.99798863,C5NO,5.75E-06
90.00253126,C3H4Sj18O,4.78E-09
90.00549832,C3H5j33SO,3.69E-08
90.00610352,j13CC5HO,1.74E-07
90.00946808,j13CC2H5SO,1.52E-07
90.01056671,C6H2O,8.37E-07
90.0139389,C3H6SO,2.76E-06
90.02358407,C6H3j15N,1.63E-06
90.02543375,j13C2C4H2N,3.69E-08
90.02990394,j13CC5H3N,2.90E-05
90.03437414,C6H4N,7.03E-05
90.04248047,j13CC6H5,4.57E-05
90.04695129,C7H6,0.000296366
90.05103302,j13CC2H7NO2,4.54E-07
90.06360626,j13CC3H9O2,1.78E-06
90.06807709,C4H10O2,1.36E-05
90.96552277,C2Hj34SO2,2.57E-07
90.97411346,j182Wplus2,0
90.98090363,j13CCH2SO2,8.73E-08
90.9950236,C5j15NO,2.10E-08
90.99743646,j13CC2H4j34SO,3.38E-09
91.00134347,j13CC4NO,3.11E-07
91.00190735,C3H5j34SO,2.09E-07
91.00581366,C5HNO,-3.03E-06
91.01035629,C3H5Sj18O,9.62E-09
91.01392365,j13CC5H2O,5.43E-08
91.01728821,j13CC2H6SO,8.95E-08
91.01838684,C6H3O,-4.74E-07
91.02175903,C3H7SO,-3.59E-07
91.0314091,C6H4j15N,2.57E-07
91.03325878,j13C2C4H3N,7.83E-07
91.03772897,j13CC5H4N,4.56E-06
91.04219917,C6H5N,0.001014353
91.05030823,j13CC6H6,2.24E-05
91.05477142,C7H7,0.006713211
91.07143402,j13CC3H10O2,5.88E-07
91.9733429,C2H2j34SO2,1.81E-07
91.97545624,j184Wplus2,0
91.98983002,C5O2,-3.70E-06
92.00223441,C5Nj18O,1.18E-08
92.00284863,C5Hj15NO,-1.11E-08
92.00469831,j13C2C3NO,6.73E-09
92.00526149,j13CC2H5j34SO,6.79E-09
92.0091685,j13CC4HNO,-1.64E-07
92.00973511,C3H6j34SO,1.23E-07
92.01363869,C5H2NO,7.40E-05
92.02114839,C3H7j33SO,-2.83E-09
92.02174377,j13CC5H3O,-3.08E-08
92.02511597,j13CC2H7SO,-1.16E-08
92.02620697,C6H4O,2.92E-05
92.03923413,C6H5j15N,3.71E-06
92.04108381,j13C2C4H4N,1.23E-07
92.045554,j13CC5H5N,6.58E-05
92.05003357,C6H6N,0.00021906
92.05812836,j13CC6H7,0.000508257
92.06259918,C7H8,0.001044109
92.97718048,j186Wplus2,0
92.99318695,j13CC4O2,-2.00E-07
92.99765778,C5HO2,4.33E-05
93.01005944,C5HNj18O,-6.23E-09
93.01067366,C5H2j15NO,2.70E-07
93.01252334,j13C2C3HNO,-3.55E-09
93.01699353,j13CC4H2NO,4.00E-06
93.01755524,C3H7j34SO,-1.61E-08
93.02146373,C5H3NO,0.000165684
93.02600635,C3H7Sj18O,-7.37E-10
93.02957153,j13CC5H4O,1.89E-06
93.03404236,C6H5O,7.08E-05
93.04705916,C6H6j15N,8.00E-07
93.04890884,j13C2C4H5N,1.78E-06
93.05337524,j13CC5H6N,1.42E-05
93.05784923,C6H7N,0.000436306
93.06595612,j13CC6H8,7.90E-05
93.07042694,C7H9,0.001937461
94.00100708,j13CC4HO2,2.34E-06
94.00547791,C5H2O2,1.50E-05
94.01788447,C5H2Nj18O,1.52E-07
94.02034837,j13C2C3H2NO,8.66E-08
94.02091155,j13CC2H7j34SO,-5.21E-10
94.02481856,j13CC4H3NO,8.96E-06
94.02928876,C5H4NO,0.000214642
94.03739166,j13CC5H5O,4.60E-06
94.04186249,C6H6O,0.000871867
94.0548842,C6H7j15N,1.59E-06
94.05673387,j13C2C4H6N,3.84E-07
94.06120407,j13CC5H7N,2.83E-05
94.0656662,C6H8N,0.000167008
94.07377625,j13CC6H9,0.000146685
94.07824707,C7H10,0.001002832
94.94963837,CH4Br,5.29E-05
95.00883484,j13CC4H2O2,8.10E-07
95.01331329,C5H3O2,0.000307356
95.02632372,C5H4j15NO,7.84E-07
95.0326436,j13CC4H4NO,1.16E-05
95.03711379,C5H5NO,0.000658686
95.04521942,j13CC5H6O,5.66E-05
95.04969025,C6H7O,0.0031474
95.06270923,C6H8j15N,6.10E-07
95.06455891,j13C2C4H7N,7.66E-07
95.06903076,j13CC5H8N,1.08E-05
95.07350159,C6H9N,0.000325818
95.08159637,j13CC6H10,7.59E-05
95.0860672,C7H11,0.001988487
95.9529953,j13CH4Br,5.72E-07
96,C8,9.77E-05
96.0166626,j13CC4H3O2,1.66E-05
96.02113342,C5H4O2,0.000193316
96.03353454,C5H4Nj18O,4.41E-07
96.03599843,j13C2C3H4NO,2.51E-07
96.04046863,j13CC4H5NO,3.56E-05
96.04493882,C5H6NO,0.000446639
96.05304718,j13CC5H7O,0.000204248
96.05751801,C6H8O,0.002237564
96.07053426,C6H9j15N,1.19E-06
96.07238394,j13C2C4H8N,2.93E-07
96.07685089,j13CC5H9N,2.11E-05
96.07977604,C6j2HH8N,3.37E-07
96.08132433,C6H10N,0.000113537
96.08943176,j13CC6H11,0.000150548
96.09390259,C7H12,0.000867258
96.94759369,CH4j81Br,5.15E-05
96.95955658,HSO4,0
97.00335693,j13CC7,8.45E-06
97.00782776,C8H,0.000626754
97.02448273,j13CC4H4O2,1.05E-05
97.02895355,C5H5O2,0.001109292
97.04829366,j13CC4H6NO,2.42E-05
97.05276385,C5H7NO,0.000554069
97.06086731,j13CC5H8O,0.000145205
97.06533813,C6H9O,0.001833732
97.07835929,C6H10j15N,4.15E-07
97.08020897,j13C2C4H9N,5.72E-07
97.08467916,j13CC5H10N,7.37E-06
97.08760107,C6j2HH9N,1.31E-07
97.08914948,C6H11N,6.47E-05
97.09725189,j13CC6H12,6.57E-05
97.10172272,C7H13,0.000100689
97.95094299,j13CH4j81Br,5.57E-07
97.9589386,Hj33SO4,0
97.96737671,H2SO4,0
98.00307401,C7N,-1.68E-06
98.01117706,j13CC7H,5.42E-05
98.01564789,C8H2,0.000273781
98.03231049,j13CC4H5O2,6.00E-05
98.03678131,C5H6O2,0.000697406
98.04979882,C5H7j15NO,2.02E-06
98.05611869,j13CC4H7NO,3.00E-05
98.06058888,C5H8NO,0.000178957
98.0687027,j13CC5H9O,0.000118999
98.07317352,C6H10O,0.000713682
98.08618432,C6H11j15N,2.36E-07
98.088034,j13C2C4H10N,1.99E-07
98.09250641,j13CC5H11N,4.20E-06
98.0954261,C6j2HH10N,8.18E-08
98.09697439,C6H12N,1.34E-05
98.10507965,j13CC6H13,7.62E-06
98.10955048,C7H14,1.90E-05
98.95535278,Hj34SO4,0
98.96676636,H2j33SO4,0
99.00642885,j13CC6N,-1.27E-07
99.01089904,C7HN,6.81E-05
99.01899719,j13CC7H2,2.37E-05
99.02348328,C8H3,0.000125158
99.04013062,j13CC4H6O2,3.77E-05
99.04460144,C5H7O2,0.000887082
99.05700963,C5H7Nj18O,1.14E-06
99.05762385,C5H8j15NO,6.54E-07
99.05947353,j13C2C3H7NO,6.48E-07
99.06394372,j13CC4H8NO,9.68E-06
99.06841392,C5H9NO,7.99E-05
99.07652283,j13CC5H10O,4.63E-05
99.08099365,C6H11O,0.000432098
99.09400936,C6H12j15N,4.91E-08
99.09585903,j13C2C4H11N,1.14E-07
99.10032923,j13CC5H12N,8.71E-07
99.10325114,C6j2HH11N,1.85E-08
99.10479736,C6H13N,9.81E-06
99.11290741,j13CC6H14,1.44E-06
99.11737823,C7H15,1.10E-05
99.96317291,H2j34SO4,0
99.99491119,C7O,0.000548369
100.007934,C7Hj15N,2.49E-07
100.0142539,j13CC6HN,5.15E-06
100.0187241,C7H2N,-1.06E-06
100.0268021,j13CC7H3,1.08E-05
100.0313034,C8H4,0.000208894
100.0479584,j13CC4H7O2,4.80E-05
100.0523987,C5H8O2,0.002204547
100.0648347,C5H8Nj18O,3.68E-07
100.0654489,C5H9j15NO,2.92E-07
100.0672986,j13C2C3H8NO,2.09E-07
100.0717688,j13CC4H9NO,4.32E-06
100.0746907,C5j2HH8NO,8.27E-08
100.0842972,j13CC5H11O,2.80E-05
100.0887985,C6H12O,3.27E-05
100.1018344,C6H13j15N,3.58E-08
100.1036841,j13C2C4H12N,2.36E-08
100.1081467,j13CC5H13N,6.37E-07
100.1110762,C6j2HH12N,1.47E-08
100.120697,j13CC6H15,8.35E-07
100.1251984,C7H16,1.05E-05
100.9982681,j13CC6O,4.15E-05
101.0027008,C7HO,1.02E-05
101.015759,C7H2j15N,-3.87E-09
101.0176087,j13C2C5HN,1.67E-07
101.0220789,j13CC6H2N,-8.02E-08
101.0265491,C7H3N,5.53E-05
101.0346985,j13CC7H4,1.81E-05
101.0391006,C8H5,0.000122959
101.0557938,j13CC4H8O2,1.19E-04
101.0603027,C5H9O2,0.000525608
101.0726597,C5H9Nj18O,1.64E-07
101.0751236,j13C2C3H9NO,9.34E-08
101.0922012,j13CC5H12O,2.12E-06
101.0966034,C6H13O,1.56E-05
101.1115091,j13C2C4H13N,1.72E-08
101.1286011,j13CC6H16,7.97E-07
101.9775009,C3H2SO2,7.29E-06
101.9953003,C3H2O4,4.29E-07
101.9979886,C6NO,2.04E-06
102.0061035,j13CC6HO,7.75E-07
102.0105972,C7H2O,4.99E-06
102.0235841,C7H3j15N,2.02E-07
102.0254337,j13C2C5H2N,-2.60E-09
102.0299039,j13CC6H3N,4.18E-06
102.0343741,C7H4N,0.000208447
102.0425034,j13CC7H5,1.06E-05
102.0469971,C8H6,0.000131051
102.0554962,C4H8NO2,4.34E-05
102.0635986,j13CC4H9O2,2.84E-05
102.0681,C5H10O2,2.30E-05
102.0999985,j13CC5H13O,1.01E-06
102.1044998,C6H14O,4.21E-06
102.9769378,C3H2j33SO2,5.76E-08
102.9809036,j13CC2H2SO2,2.37E-07
102.9853973,C3H3SO2,1.56E-05
102.9950236,C6j15NO,7.45E-09
102.9986572,j13CC2H2O4,1.39E-08
103.0013435,j13CC5NO,1.32E-07
103.0030975,C3H3O4,5.13E-06
103.0058137,C6HNO,1.10E-05
103.0139008,j13CC6H2O,3.78E-07
103.0184021,C7H3O,1.47E-06
103.0314091,C7H4j15N,7.62E-07
103.0332588,j13C2C5H3N,1.36E-07
103.037729,j13CC6H4N,1.58E-05
103.0421992,C7H5N,0.000205267
103.0503006,j13CC7H6,1.13E-05
103.0548019,C8H7,0.000417588
103.0588608,j13CC3H8NO2,1.88E-06
103.0714264,j13CC4H10O2,1.24E-06
103.0758972,C5H11O2,2.41E-05
103.1078033,j13CC5H14O,2.73E-07
103.9733429,C3H2j34SO2,3.26E-07
103.9817958,C3H2Sj18OO,3.00E-08
103.9887314,j13CC2H3SO2,5.05E-07
103.98983,C6O2,8.65E-07
103.9932022,C3H4SO2,1.26E-06
104.0022344,C6Nj18O,4.19E-09
104.0028486,C6Hj15NO,4.01E-08
104.0046983,j13C2C4NO,3.58E-09
104.0064774,j13CC2H3O4,1.67E-07
104.0091685,j13CC5HNO,7.13E-07
104.0136387,C6H2NO,2.97E-05
104.021698,j13CC6H3O,1.11E-07
104.0261993,C7H4O,5.68E-05
104.0392341,C7H5j15N,7.50E-07
104.0410838,j13C2C5H4N,5.12E-07
104.045554,j13CC6H5N,1.55E-05
104.0500242,C7H6N,4.80E-05
104.0580978,j13CC7H7,3.61E-05
104.0625992,C8H8,0.00018414
104.0792999,j13CC4H11O2,1.30E-06
104.976701,j13CC2H2j34SO2,1.06E-08
104.9811707,C3H3j34SO2,6.96E-07
104.993187,j13CC5O2,5.61E-08
104.9965515,j13CC2H4SO2,4.10E-08
104.9977036,C6HO2,1.86E-06
105.0010223,C3H5SO2,1.88E-06
105.0100594,C6HNj18O,2.26E-08
105.0106737,C6H2j15NO,1.09E-07
105.0125233,j13C2C4HNO,1.93E-08
105.0169935,j13CC5H2NO,1.93E-06
105.0214637,C6H3NO,0.000157612
105.0296021,j13CC6H4O,4.30E-06
105.0339966,C7H5O,0.000318648
105.0470592,C7H6j15N,1.75E-07
105.0489088,j13C2C5H5N,5.04E-07
105.053379,j13CC6H6N,3.64E-06
105.0578492,C7H7N,0.000221041
105.0660019,j13CC7H8,1.59E-05
105.0703964,C8H9,0.000837259
105.9889984,C3H4j34SO2,5.65E-08
106.0004129,C3H5j33SO2,1.49E-08
106.0009995,j13CC5HO2,1.21E-07
106.0043793,j13CC2H5SO2,6.11E-08
106.0055008,C6H2O2,1.04E-06
106.0089035,C3H6SO2,2.28E-06
106.0178845,C6H2Nj18O,6.11E-08
106.0184987,C6H3j15NO,5.76E-07
106.0203484,j13C2C4H2NO,5.22E-08
106.0248186,j13CC5H3NO,1.02E-05
106.0292888,C6H4NO,6.14E-05
106.0373993,j13CC6H5O,2.41E-05
106.0419006,C7H6O,0.00022025
106.0548842,C7H7j15N,8.08E-07
106.0567339,j13C2C5H6N,1.18E-07
106.0612041,j13CC6H7N,1.67E-05
106.0656743,C7H8N,7.87E-05
106.0737991,j13CC7H9,7.24E-05
106.0782013,C8H10,0.000308827
106.9968185,C3H5j34SO2,8.43E-08
107.0052709,C3H5Sj18OO,7.74E-09
107.008238,C3H6j33SO2,1.80E-08
107.0087967,j13CC5H2O2,6.74E-08
107.012207,j13CC2H6SO2,7.39E-08
107.013298,C6H3O2,4.75E-06
107.0166752,C3H7SO2,1.44E-06
107.0257095,C6H3Nj18O,3.24E-07
107.0281734,j13C2C4H3NO,2.77E-07
107.0326436,j13CC5H4NO,3.98E-06
107.0371017,C6H5NO,0.000243925
107.0451965,j13CC6H6O,1.67E-05
107.0496979,C7H7O,0.000705568
107.0627092,C7H8j15N,2.88E-07
107.0645589,j13C2C5H7N,5.43E-07
107.0690291,j13CC6H8N,5.96E-06
107.0734993,C7H9N,0.000138527
107.0815964,j13CC7H10,2.67E-05
107.0860977,C8H11,0.000533423
108,C9,4.71E-05
108.0001761,j13CC2H5j34SO2,2.73E-09
108.0046463,C3H6j34SO2,1.02E-07
108.0130959,C3H6Sj18OO,9.37E-09
108.016063,C3H7j33SO2,1.14E-08
108.0166626,j13CC5H3O2,3.08E-07
108.02003,j13CC2H7SO2,4.67E-08
108.0211029,C6H4O2,4.83E-05
108.0341488,C6H5j15NO,8.91E-07
108.0404663,j13CC5H5NO,1.58E-05
108.044899,C6H6NO,0.000257153
108.0530014,j13CC6H7O,5.34E-05
108.0575027,C7H8O,0.000889868
108.0705343,C7H9j15N,5.06E-07
108.0723839,j13C2C5H8N,1.93E-07
108.0768541,j13CC6H9N,1.05E-05
108.079776,C7j2HH8N,1.43E-07
108.0813243,C7H10N,5.59E-05
108.0894012,j13CC7H11,4.62E-05
108.0939026,C8H12,0.000184371
109.0034027,j13CC8,4.59E-06
109.0077972,C9H,1.04E-04
109.0080011,j13CC2H6j34SO2,3.31E-09
109.0124664,C3H7j34SO2,6.44E-08
109.020921,C3H7Sj18OO,5.92E-09
109.0244827,j13CC5H4O2,3.14E-06
109.0289993,C6H5O2,0.000162296
109.0413596,C6H5Nj18O,5.01E-07
109.0438235,j13C2C4H5NO,4.28E-07
109.0482864,j13CC5H6NO,1.67E-05
109.052803,C6H7NO,0.000542404
109.0608978,j13CC6H8O,6.74E-05
109.0653,C7H9O,0.001308963
109.0783593,C7H10j15N,2.04E-07
109.080209,j13C2C5H9N,3.40E-07
109.0846792,j13CC6H10N,4.24E-06
109.0876011,C7j2HH9N,6.43E-08
109.0891494,C7H11N,5.79E-05
109.0972977,j13CC7H12,1.60E-05
109.1016998,C8H13,0.000207612
110.003074,C8N,3.57E-06
110.0112,j13CC8H,1.01E-05
110.0156021,C9H2,6.09E-05
110.0158262,j13CC2H7j34SO2,2.09E-09
110.0323105,j13CC5H5O2,1.05E-05
110.0367966,C6H6O2,0.000529568
110.0561218,j13CC5H7NO,3.52E-05
110.0605889,C6H8NO,0.000115044
110.0687027,j13CC6H9O,9.91E-05
110.0731964,C7H10O,0.00041063
110.0861843,C7H11j15N,2.12E-07
110.088034,j13C2C5H10N,1.37E-07
110.0925042,j13CC6H11N,4.38E-06
110.0954261,C7j2HH10N,7.32E-08
110.0969744,C7H12N,1.83E-05
110.1051025,j13CC7H13,1.80E-05
110.1095963,C8H14,2.08E-05
111.0064288,j13CC7N,3.09E-07
111.010899,C8HN,5.18E-05
111.0189972,j13CC8H2,5.93E-06
111.0234985,C9H3,0.000236011
111.0401306,j13CC5H6O2,3.44E-05
111.0446014,C6H7O2,0.001096131
111.0639437,j13CC5H8NO,7.47E-06
111.0684139,C6H9NO,9.17E-05
111.0764999,j13CC6H10O,3.11E-05
111.0810013,C7H11O,0.000528786
111.0940094,C7H12j15N,6.68E-08
111.095859,j13C2C5H11N,1.42E-07
111.1003292,j13CC6H12N,1.38E-06
111.1032511,C7j2HH11N,2.52E-08
111.1047994,C7H13N,1.12E-05
111.1128998,j13CC7H14,1.80E-06
111.1174011,C8H15,2.06E-05
111.9949112,C8O,2.88E-05
112.007934,C8Hj15N,1.89E-07
112.0142539,j13CC7HN,4.48E-06
112.0187241,C8H2N,3.73E-06
112.0268021,j13CC8H3,2.30E-05
112.0313034,C9H4,6.63E-05
112.0479584,j13CC5H7O2,7.11E-05
112.0523987,C6H8O2,0.000335518
112.0717688,j13CC5H9NO,5.95E-06
112.0762389,C6H10NO,2.86E-05
112.0842972,j13CC6H11O,4.00E-05
112.0887985,C7H12O,8.08E-05
112.1018344,C7H13j15N,4.10E-08
112.1036841,j13C2C5H12N,4.49E-08
112.1081543,j13CC6H13N,8.50E-07
112.1110762,C7j2HH12N,1.68E-08
112.1126245,C7H14N,1.44E-05
112.120697,j13CC7H15,1.78E-06
112.1251984,C8H16,1.03E-05
112.9982681,j13CC7O,2.49E-06
113.002739,C8HO,0.000710001
113.015759,C8H2j15N,1.36E-08
113.0176087,j13C2C6HN,1.70E-07
113.0220789,j13CC7H2N,3.23E-07
113.0265491,C8H3N,-1.54E-06
113.0346985,j13CC8H4,6.45E-06
113.0391006,C9H5,0.000261989
113.0557938,j13CC5H8O2,2.18E-05
113.0603027,C6H9O2,0.000448975
113.0795938,j13CC5H10NO,1.86E-06
113.084064,C6H11NO,1.95E-05
113.0922012,j13CC6H12O,6.12E-06
113.0966034,C7H13O,2.96E-05
113.1115091,j13C2C5H13N,2.76E-08
113.1159793,j13CC6H14N,1.09E-06
113.1204495,C7H15N,7.60E-06
113.1286011,j13CC7H16,8.95E-07
113.1330032,C8H17,3.47E-06
113.9979886,C7NO,7.22E-07
114.0060959,j13CC7HO,6.14E-05
114.0105667,C8H2O,1.64E-05
114.0235841,C8H3j15N,-5.62E-09
114.0254337,j13C2C6H2N,1.22E-08
114.0299039,j13CC7H3N,-1.33E-07
114.0343741,C8H4N,7.40E-05
114.0425034,j13CC8H5,2.55E-05
114.0469971,C9H6,0.00021998
114.0636063,j13CC5H9O2,2.91E-05
114.0681,C6H10O2,0.000953565
114.0810989,C6H11j15NO,7.11E-08
114.0874188,j13CC5H11NO,1.26E-06
114.0903407,C6j2HH10NO,2.46E-08
114.0999985,j13CC6H13O,2.24E-06
114.1044998,C7H14O,2.44E-05
114.1238043,j13CC6H15N,5.76E-07
114.1363983,j13CC7H17,3.00E-07
114.1408997,C8H18,6.45E-06
114.9950236,C7j15NO,2.64E-09
115.0013435,j13CC6NO,5.46E-08
115.0058137,C7HNO,1.42E-05
115.0139236,j13CC7H2O,1.42E-06
115.0183868,C8H3O,6.86E-06
115.0314091,C8H4j15N,2.70E-07
115.0332588,j13C2C6H3N,-5.04E-09
115.037729,j13CC7H4N,6.40E-06
115.0421992,C8H5N,0.000255335
115.0503006,j13CC8H6,2.14E-05
115.0548019,C9H7,0.000409214
115.0714264,j13CC5H10O2,6.19E-05
115.0758972,C6H11O2,0.00013026
115.0883098,C6H11Nj18O,4.00E-08
115.0907737,j13C2C4H11NO,3.41E-08
115.1078033,j13CC6H14O,1.85E-06
115.1122971,C7H15O,1.88E-05
115.1442032,j13CC7H18,5.58E-07
115.98983,C7O2,5.50E-05
115.9932022,C4H4SO2,7.60E-06
116.0022344,C7Nj18O,1.48E-09
116.0028486,C7Hj15NO,5.21E-08
116.0046983,j13C2C5NO,1.77E-09
116.0091685,j13CC6HNO,1.08E-06
116.0110016,C4H4O4,6.08E-07
116.0136387,C7H2NO,5.75E-07
116.0217438,j13CC7H3O,5.94E-07
116.0261993,C8H4O,3.24E-06
116.0392341,C8H5j15N,9.33E-07
116.0410838,j13C2C6H4N,2.42E-07
116.045554,j13CC7H5N,2.21E-05
116.0473022,C5H8O3,2.53E-05
116.0500242,C8H6N,4.85E-05
116.0580978,j13CC8H7,3.98E-05
116.0625992,C9H8,6.87E-05
116.0792618,j13CC5H11O2,8.45E-06
116.0837021,C6H12O2,1.59E-05
116.1156464,j13CC6H15O,1.42E-06
116.9645996,C3HSO3,2.81E-06
116.993187,j13CC6O2,4.16E-06
116.9965515,j13CC3H4SO2,3.29E-07
116.9976578,C7HO2,1.65E-05
117.0009995,C4H5SO2,7.86E-07
117.0062027,C3H3NO4,8.08E-06
117.0100594,C7HNj18O,2.93E-08
117.0125233,j13C2C5HNO,3.50E-08
117.0143127,j13CC3H4O4,2.63E-08
117.0169935,j13CC6H2NO,4.35E-08
117.0187988,C4H5O4,6.63E-06
117.0214637,C7H3NO,2.89E-06
117.0295715,j13CC7H4O,2.81E-07
117.0339966,C8H5O,1.76E-06
117.0373993,C5H9SO,7.49E-07
117.0426025,C4H7NO3,8.82E-06
117.0470592,C8H6j15N,1.77E-07
117.0489088,j13C2C6H5N,8.36E-07
117.0506973,j13CC4H8O3,1.37E-06
117.053379,j13CC7H6N,4.19E-06
117.0578492,C8H7N,0.000148309
117.0659637,j13CC8H8,6.69E-06
117.0703964,C9H9,0.000191495
117.0790024,C5H11NO2,3.46E-05
117.0870819,j13CC5H12O2,1.03E-06
117.0915985,C6H13O2,1.60E-05
117.9679871,j13CC2HSO3,9.13E-08
117.9889984,C4H4j34SO2,3.40E-07
118.0010071,j13CC6HO2,1.25E-06
118.0043793,j13CC3H5SO2,3.40E-08
118.0095596,j13CC2H3NO4,2.62E-07
118.0221405,j13CC3H5O4,2.87E-07
118.0248186,j13CC6H3NO,2.19E-07
118.0292888,C7H4NO,7.44E-05
118.0373917,j13CC7H5O,1.52E-07
118.0407562,j13CC4H9SO,4.05E-08
118.0419006,C8H6O,9.09E-05
118.0451965,C5H10SO,2.16E-05
118.0459366,j13CC3H7NO3,3.82E-07
118.0503998,C4H8NO3,2.11E-05
118.0548842,C8H7j15N,5.42E-07
118.0567339,j13C2C6H6N,1.59E-07
118.0612041,j13CC7H7N,1.28E-05
118.0630035,C5H10O3,1.49E-05
118.0656743,C8H8N,2.36E-05
118.0737762,j13CC8H9,1.86E-05
118.0782013,C9H10,7.82E-05
118.0823364,j13CC4H11NO2,1.87E-06
118.0867996,C5H12NO2,2.53E-05
118.0949097,j13CC5H13O2,1.04E-06
118.9604263,C3Hj34SO3,1.26E-07
118.9968185,C4H5j34SO2,3.52E-08
118.9980011,C3H3O5,7.96E-05
119.0007019,C6HNO2,1.03E-05
119.013298,C7H3O2,-8.07E-07
119.0218964,C3H5NO4,-1.19E-06
119.0326436,j13CC6H4NO,5.63E-06
119.0332031,C5H9j34SO,3.35E-08
119.0344009,C4H7O4,3.63E-05
119.0371138,C7H5NO,5.94E-05
119.0451965,j13CC7H6O,7.86E-06
119.0485916,j13CC4H10SO,1.17E-06
119.0496979,C8H7O,0.000314456
119.053772,j13CC3H8NO3,9.12E-07
119.0627092,C8H8j15N,8.62E-08
119.0645589,j13C2C6H7N,4.86E-07
119.0663528,j13CC4H10O3,8.08E-07
119.0690291,j13CC7H8N,2.04E-06
119.0708008,C5H11O3,2.02E-05
119.0734993,C8H9N,1.44E-05
119.0815964,j13CC8H10,7.62E-06
119.0860977,C9H11,0.000206454
119.0901566,j13CC4H12NO2,1.37E-06
120,C10,1.61E-05
120.0014038,j13CC2H3O5,2.58E-06
120.0040817,j13CC5HNO2,6.69E-07
120.0085983,C6H2NO2,1.07E-05
120.0166626,j13CC6H3O2,-6.11E-08
120.0211029,C7H4O2,3.13E-06
120.024498,C4H8SO2,3.73E-06
120.0252228,j13CC2H5NO4,-3.87E-08
120.0297012,C3H6NO4,1.66E-05
120.0377884,j13CC3H7O4,1.57E-06
120.0404686,j13CC6H5NO,4.50E-06
120.0410309,C5H10j34SO,9.68E-07
120.0422974,C4H8O4,4.90E-05
120.0449388,C7H6NO,9.18E-05
120.0530472,j13CC7H7O,2.72E-05
120.0575027,C8H8O,0.0003493
120.0705343,C8H9j15N,5.24E-08
120.0723839,j13C2C6H8N,7.73E-08
120.074173,j13CC4H11O3,1.09E-06
120.0768541,j13CC7H9N,1.24E-06
120.079776,C8j2HH8N,1.49E-08
120.0813243,C8H10N,5.55E-05
120.0894318,j13CC8H11,2.01E-05
120.0939026,C9H12,0.000102871
